{
  "config": {
    "run_name": "exp1_2",
    "out_dir": "./results",
    "seed": 42,
    "device": null,
    "bs_train": 50,
    "bs_test": 12,
    "batches": 10,
    "epochs": 20,
    "early_stopping": 5,
    "checkpoints": null,
    "lr": 0.005,
    "reg": 0.001,
    "filters_per_layer": [
      128
    ],
    "layers_per_block": 8,
    "pool_every": 1,
    "hidden_dims": [
      200
    ],
    "model_type": "cnn",
    "kw": {}
  },
  "results": {
    "num_epochs": 0,
    "train_loss": [
      2.3040415340423586,
      2.303908676147461,
      2.303857690000534,
      2.303838919496536,
      2.3038340532779693,
      2.3038331787109376
    ],
    "train_acc": [
      9.732,
      9.654,
      9.642,
      9.628,
      9.63,
      9.63
    ],
    "test_loss": [
      0.46083475995063783,
      0.4608111621856689,
      0.46080211844444274,
      0.46080008368492126,
      0.46079926447868347,
      0.4607992428302765
    ],
    "test_acc": [
      10.0,
      10.0,
      10.0,
      10.0,
      10.0,
      10.0
    ]
  }
}