{
  "config": {
    "run_name": "exp1_2",
    "out_dir": "./results",
    "seed": 42,
    "device": null,
    "bs_train": 50,
    "bs_test": 12,
    "batches": 10,
    "epochs": 20,
    "early_stopping": 5,
    "checkpoints": null,
    "lr": 0.005,
    "reg": 0.001,
    "filters_per_layer": [
      256
    ],
    "layers_per_block": 2,
    "pool_every": 1,
    "hidden_dims": [
      200
    ],
    "model_type": "cnn",
    "kw": {}
  },
  "results": {
    "num_epochs": 0,
    "train_loss": [
      1.6373005884468554,
      1.2938963018894196,
      1.1711240366339684,
      1.0819776929616929,
      0.9976100790768861,
      0.9173078321903944,
      0.8422804030120373,
      0.7736461490094662,
      0.7073214814454317,
      0.6474478983521461,
      0.5863698953680694,
      0.5370851284787059,
      0.493320291890949,
      0.4538486334996298,
      0.42131258551422507
    ],
    "train_acc": [
      40.884,
      53.456,
      58.092,
      61.556,
      64.718,
      67.546,
      70.298,
      72.876,
      75.518,
      77.722,
      79.896,
      81.542,
      83.116,
      84.568,
      85.83
    ],
    "test_loss": [
      0.26936167869567873,
      0.24051678451895714,
      0.23215607941448688,
      0.22274311828911306,
      0.21581550389528276,
      0.2113938133865595,
      0.21099163228571416,
      0.21097417739629745,
      0.20970433506965638,
      0.21526362624764442,
      0.21692556746900082,
      0.23133690344691277,
      0.24222407638132573,
      0.23985902044028043,
      0.23494632233977317
    ],
    "test_acc": [
      50.92,
      56.67,
      58.19,
      59.99,
      62.0,
      62.63,
      63.38,
      64.2,
      65.01,
      65.47,
      65.42,
      64.74,
      64.09,
      64.9,
      65.4
    ]
  }
}