{
  "config": {
    "run_name": "exp1_3",
    "out_dir": "./results",
    "seed": 42,
    "device": null,
    "bs_train": 50,
    "bs_test": 12,
    "batches": 10,
    "epochs": 20,
    "early_stopping": 5,
    "checkpoints": null,
    "lr": 0.005,
    "reg": 0.001,
    "filters_per_layer": [
      64,
      128,
      256
    ],
    "layers_per_block": 2,
    "pool_every": 1,
    "hidden_dims": [
      200
    ],
    "model_type": "cnn",
    "kw": {}
  },
  "results": {
    "num_epochs": 0,
    "train_loss": [
      2.3040252137184143,
      2.3038925344467165,
      2.3038492202281953,
      2.3038350942134858,
      2.3038333856105804,
      2.3038331050395966
    ],
    "train_acc": [
      9.742,
      9.63,
      9.632,
      9.63,
      9.63,
      9.63
    ],
    "test_loss": [
      0.4608376214981079,
      0.4608104184150696,
      0.46080056772232053,
      0.46079968638420105,
      0.4607992157459259,
      0.46079922218322755
    ],
    "test_acc": [
      10.0,
      10.0,
      10.0,
      10.0,
      10.0,
      10.0
    ]
  }
}