{
  "config": {
    "run_name": "exp1_4",
    "out_dir": "./results",
    "seed": 42,
    "device": null,
    "bs_train": 50,
    "bs_test": 12,
    "batches": 10,
    "epochs": 20,
    "early_stopping": 5,
    "checkpoints": null,
    "lr": 0.005,
    "reg": 0.001,
    "filters_per_layer": [
      32
    ],
    "layers_per_block": 16,
    "pool_every": 1,
    "hidden_dims": [
      200
    ],
    "model_type": "resnet",
    "kw": {}
  },
  "results": {
    "num_epochs": 0,
    "train_loss": [
      1.6789253019690513,
      1.294722462284565,
      1.1335164119392633,
      1.064404649963975,
      0.9797237315654754,
      0.8635589593917131,
      0.8191848401345313,
      0.7709311012864113,
      0.7112761206395924,
      0.6288425811761991
    ],
    "train_acc": [
      38.366,
      53.972,
      60.048,
      62.666,
      65.476,
      69.578,
      71.774,
      73.226,
      75.364,
      78.544
    ],
    "test_loss": [
      0.2813966881334782,
      0.255257992041111,
      0.24921194479465483,
      0.2681855646699667,
      0.260344566449523,
      0.29119357184767725,
      0.3285633796542883,
      0.3078552989780903,
      0.35650305168628693,
      0.4129428981810808
    ],
    "test_acc": [
      49.06,
      54.96,
      56.42,
      56.57,
      56.71,
      52.37,
      50.85,
      51.53,
      47.61,
      47.78
    ]
  }
}