{
  "config": {
    "run_name": "exp1_1_L4_K32*",
    "out_dir": "./results",
    "seed": 42,
    "device": null,
    "bs_train": 50,
    "bs_test": 12,
    "batches": 10,
    "epochs": 10,
    "early_stopping": 5,
    "checkpoints": null,
    "lr": 0.001,
    "reg": 0.001,
    "filters_per_layer": [
      32
    ],
    "layers_per_block": 4,
    "pool_every": 1,
    "hidden_dims": [
      100
    ],
    "model_type": "resnet",
    "kw": {}
  },
  "results": {
    "num_epochs": 0,
    "train_loss": [
      1.9899523913621902,
      1.7155885773658752,
      1.5712705289244653,
      1.480506524682045,
      1.4068327232837676,
      1.3424431607246399,
      1.2848041280984879,
      1.2319429396092891,
      1.1851778153955936,
      1.1434119918882846
    ],
    "train_acc": [
      26.876,
      37.576,
      42.74,
      46.476,
      49.208,
      51.492,
      53.822,
      55.856,
      57.7,
      59.106
    ],
    "test_loss": [
      0.3620054396152496,
      0.322450278365612,
      0.30200913200378415,
      0.28525360283851625,
      0.2724338447570801,
      0.25914123116135596,
      0.24849119787812232,
      0.24206156103610993,
      0.23421018384695053,
      0.22858892344236373
    ],
    "test_acc": [
      33.39,
      40.79,
      44.1,
      47.58,
      49.82,
      52.46,
      54.62,
      55.88,
      57.0,
      58.13
    ]
  }
}