{
  "config": {
    "run_name": "exp1_1",
    "out_dir": "./results",
    "seed": 42,
    "device": null,
    "bs_train": 50,
    "bs_test": 12,
    "batches": 10,
    "epochs": 20,
    "early_stopping": 5,
    "checkpoints": null,
    "lr": 0.005,
    "reg": 0.001,
    "filters_per_layer": [
      32
    ],
    "layers_per_block": 8,
    "pool_every": 1,
    "hidden_dims": [
      200
    ],
    "model_type": "cnn",
    "kw": {}
  },
  "results": {
    "num_epochs": 0,
    "train_loss": [
      2.3044720933437346,
      2.303999674129486,
      2.303883077096939,
      2.30384972410202,
      2.303838390111923,
      2.303834134531021
    ],
    "train_acc": [
      9.866,
      9.662,
      9.638,
      9.638,
      9.628,
      9.63
    ],
    "test_loss": [
      0.4609016202449799,
      0.46082586250305174,
      0.46080843663215637,
      0.46080192217826843,
      0.46079985938072204,
      0.4607993169784546
    ],
    "test_acc": [
      10.0,
      10.0,
      10.0,
      10.0,
      10.0,
      10.0
    ]
  }
}