{
  "config": {
    "run_name": "exp1_1",
    "out_dir": "./results",
    "seed": 42,
    "device": null,
    "bs_train": 50,
    "bs_test": 12,
    "batches": 10,
    "epochs": 20,
    "early_stopping": 5,
    "checkpoints": null,
    "lr": 0.005,
    "reg": 0.001,
    "filters_per_layer": [
      32
    ],
    "layers_per_block": 2,
    "pool_every": 1,
    "hidden_dims": [
      200
    ],
    "model_type": "cnn",
    "kw": {}
  },
  "results": {
    "num_epochs": 0,
    "train_loss": [
      1.7241678221225738,
      1.4116716364979744,
      1.2731628937602044,
      1.159432210880518,
      1.076633910986781,
      1.0083254716545342,
      0.9463764590024948,
      0.893135778978467,
      0.846044402512908,
      0.7994598622456193,
      0.7577650317326188,
      0.7201075599625707,
      0.6885904109299182,
      0.6602824223950505,
      0.6321526394806802,
      0.61054612384215,
      0.5810935012057423,
      0.5598433132730425,
      0.5477507713407278,
      0.5245639676094055
    ],
    "train_acc": [
      37.9,
      49.342,
      54.404,
      58.848,
      61.836,
      64.17,
      66.592,
      68.41,
      70.348,
      71.872,
      73.32,
      74.928,
      75.966,
      76.996,
      77.866,
      78.634,
      79.524,
      80.44,
      80.78,
      81.868
    ],
    "test_loss": [
      0.29705432441234586,
      0.26582474046349525,
      0.24207555354237556,
      0.22869411130547523,
      0.22597132335305214,
      0.22749581661820412,
      0.22532053968310356,
      0.226406339687109,
      0.22715885834693908,
      0.22648765709400176,
      0.23819537031650542,
      0.23428726217746734,
      0.23818345760405063,
      0.24108863295465707,
      0.24454927979409694,
      0.24516069441139698,
      0.2443802232861519,
      0.248225609639287,
      0.24647209967672826,
      0.2562571069061756
    ],
    "test_acc": [
      46.75,
      51.83,
      56.07,
      59.07,
      59.84,
      60.26,
      61.11,
      61.51,
      61.74,
      62.63,
      61.63,
      62.81,
      62.1,
      62.44,
      62.29,
      62.95,
      63.13,
      63.28,
      63.21,
      62.69
    ]
  }
}