{
  "config": {
    "run_name": "exp1_1_L2_K32*",
    "out_dir": "./results",
    "seed": 42,
    "device": null,
    "bs_train": 50,
    "bs_test": 12,
    "batches": 10,
    "epochs": 10,
    "early_stopping": 5,
    "checkpoints": null,
    "lr": 0.001,
    "reg": 0.001,
    "filters_per_layer": [
      32
    ],
    "layers_per_block": 2,
    "pool_every": 1,
    "hidden_dims": [
      100
    ],
    "model_type": "resnet",
    "kw": {}
  },
  "results": {
    "num_epochs": 0,
    "train_loss": [
      1.7973712733626366,
      1.4940316950440407,
      1.3632892040908338,
      1.2801832881033421,
      1.2087941663742066,
      1.1403598214685917,
      1.0767850261569023,
      1.0194291655421257,
      0.9686578440070153,
      0.9204355860680342
    ],
    "train_acc": [
      35.266,
      46.558,
      51.17,
      54.288,
      56.852,
      59.498,
      61.934,
      63.998,
      65.966,
      67.634
    ],
    "test_loss": [
      0.314643432199955,
      0.27953230909109117,
      0.26247630610466005,
      0.2507020662486553,
      0.24033409281373025,
      0.23093839566111565,
      0.22436916785240174,
      0.21844122438728808,
      0.21312930115163325,
      0.2097408562153578
    ],
    "test_acc": [
      43.65,
      49.44,
      52.69,
      55.18,
      57.27,
      58.85,
      60.47,
      61.59,
      62.39,
      63.52
    ]
  }
}