{
  "config": {
    "run_name": "exp1_3",
    "out_dir": "./results",
    "seed": 42,
    "device": null,
    "bs_train": 50,
    "bs_test": 12,
    "batches": 10,
    "epochs": 20,
    "early_stopping": 5,
    "checkpoints": null,
    "lr": 0.005,
    "reg": 0.001,
    "filters_per_layer": [
      64,
      128,
      256
    ],
    "layers_per_block": 3,
    "pool_every": 1,
    "hidden_dims": [
      200
    ],
    "model_type": "cnn",
    "kw": {}
  },
  "results": {
    "num_epochs": 0,
    "train_loss": [
      2.3039815984249117,
      2.3038860699653627,
      2.303847705411911,
      2.303835233592987,
      2.303833398914337,
      2.30383317899704
    ],
    "train_acc": [
      9.722,
      9.626,
      9.624,
      9.638,
      9.63,
      9.634
    ],
    "test_loss": [
      0.46082538204193113,
      0.4608060700893402,
      0.46080051918029785,
      0.46079939422607424,
      0.46079932775497434,
      0.46079927668571474
    ],
    "test_acc": [
      10.0,
      10.0,
      10.0,
      10.0,
      10.0,
      10.0
    ]
  }
}