{
  "config": {
    "run_name": "exp1_1",
    "out_dir": "./results",
    "seed": 42,
    "device": null,
    "bs_train": 50,
    "bs_test": 12,
    "batches": 10,
    "epochs": 20,
    "early_stopping": 5,
    "checkpoints": null,
    "lr": 0.005,
    "reg": 0.001,
    "filters_per_layer": [
      32
    ],
    "layers_per_block": 16,
    "pool_every": 1,
    "hidden_dims": [
      200
    ],
    "model_type": "cnn",
    "kw": {}
  },
  "results": {
    "num_epochs": 0,
    "train_loss": [
      2.304602546834946,
      2.304025310564041,
      2.303890600347519,
      2.303851918888092,
      2.3038391522407533,
      2.3038347392082215
    ],
    "train_acc": [
      9.922,
      9.684,
      9.616,
      9.61,
      9.63,
      9.634
    ],
    "test_loss": [
      0.4609148358821869,
      0.46082989835739135,
      0.46080891017913816,
      0.46080222601890564,
      0.46080025277137754,
      0.4607995227813721
    ],
    "test_acc": [
      10.0,
      10.0,
      10.0,
      10.0,
      10.0,
      10.0
    ]
  }
}