{
  "config": {
    "run_name": "exp1_2",
    "out_dir": "./results",
    "seed": 42,
    "device": null,
    "bs_train": 50,
    "bs_test": 12,
    "batches": 10,
    "epochs": 20,
    "early_stopping": 5,
    "checkpoints": null,
    "lr": 0.005,
    "reg": 0.001,
    "filters_per_layer": [
      64
    ],
    "layers_per_block": 8,
    "pool_every": 1,
    "hidden_dims": [
      200
    ],
    "model_type": "cnn",
    "kw": {}
  },
  "results": {
    "num_epochs": 0,
    "train_loss": [
      2.304230985403061,
      2.3039460943222045,
      2.3038695667743685,
      2.303843832778931,
      2.3038360946178438,
      2.303833356809616
    ],
    "train_acc": [
      9.796,
      9.614,
      9.62,
      9.63,
      9.634,
      9.63
    ],
    "test_loss": [
      0.46086620726585387,
      0.46081804418563843,
      0.4608051310062408,
      0.4608009253025055,
      0.46079967999458316,
      0.4607993853092194
    ],
    "test_acc": [
      10.0,
      10.0,
      10.0,
      10.0,
      10.0,
      10.0
    ]
  }
}