{
  "config": {
    "run_name": "exp1_4",
    "out_dir": "./results",
    "seed": 42,
    "device": null,
    "bs_train": 50,
    "bs_test": 12,
    "batches": 10,
    "epochs": 20,
    "early_stopping": 5,
    "checkpoints": null,
    "lr": 0.005,
    "reg": 0.001,
    "filters_per_layer": [
      64,
      128,
      256
    ],
    "layers_per_block": 2,
    "pool_every": 1,
    "hidden_dims": [
      200
    ],
    "model_type": "resnet",
    "kw": {}
  },
  "results": {
    "num_epochs": 0,
    "train_loss": [
      1.5961542924582959,
      1.0671141570866107,
      0.7594903806343675,
      0.5384839805586263,
      0.39994501333304217,
      0.31674724364769646,
      0.257414461117133,
      0.22987828751390335,
      0.20966544322082772
    ],
    "train_acc": [
      41.814,
      62.334,
      73.028,
      81.182,
      86.022,
      89.174,
      91.562,
      92.282,
      92.968
    ],
    "test_loss": [
      0.2552383259356022,
      0.22973313536047935,
      0.24671717519909142,
      0.2838350687012076,
      0.3244254218280315,
      0.3430828665016219,
      0.3043273843310773,
      0.3206402710258961,
      0.33749785796832293
    ],
    "test_acc": [
      53.56,
      60.29,
      59.85,
      60.64,
      59.79,
      60.07,
      60.51,
      60.37,
      60.58
    ]
  }
}