{
  "config": {
    "run_name": "exp1_2",
    "out_dir": "./results",
    "seed": 42,
    "device": null,
    "bs_train": 50,
    "bs_test": 12,
    "batches": 10,
    "epochs": 20,
    "early_stopping": 5,
    "checkpoints": null,
    "lr": 0.005,
    "reg": 0.001,
    "filters_per_layer": [
      32
    ],
    "layers_per_block": 4,
    "pool_every": 1,
    "hidden_dims": [
      200
    ],
    "model_type": "cnn",
    "kw": {}
  },
  "results": {
    "num_epochs": 0,
    "train_loss": [
      2.1313584846735,
      1.7832124636769295,
      1.5929145989894866,
      1.4972277696728706,
      1.4382138288974762,
      1.388863479912281,
      1.3439595890522003,
      1.3010234765410422,
      1.259804962283373,
      1.2265500513255596,
      1.197846914756298,
      1.172611478996277,
      1.1499481188565492,
      1.1264298883736135,
      1.1059307590961456,
      1.0881113490015268,
      1.070070572310686,
      1.0523742696970702,
      1.0355473980516194,
      1.0183930432140826
    ],
    "train_acc": [
      18.946,
      34.408,
      41.73,
      45.386,
      47.62,
      49.496,
      51.174,
      52.938,
      54.448,
      55.814,
      56.996,
      57.868,
      58.806,
      59.774,
      60.468,
      61.248,
      61.908,
      62.478,
      63.12,
      63.7
    ],
    "test_loss": [
      0.3871571768760681,
      0.32718130894899367,
      0.29817149271965027,
      0.2844396958589554,
      0.2781576114654541,
      0.2668645709037781,
      0.25903462569117547,
      0.2501754102885723,
      0.24364195537567138,
      0.2403985300421715,
      0.23542575649619102,
      0.2355149806499481,
      0.23626791048049928,
      0.23347339237332343,
      0.23276289468407632,
      0.22945724328160286,
      0.22845524701476097,
      0.22333463696837424,
      0.22349940875172616,
      0.22024830961227418
    ],
    "test_acc": [
      27.73,
      38.98,
      45.6,
      48.24,
      49.37,
      51.66,
      52.91,
      54.68,
      55.84,
      56.49,
      57.67,
      57.33,
      57.19,
      57.83,
      57.74,
      58.52,
      58.75,
      59.63,
      59.62,
      60.63
    ]
  }
}