{
  "config": {
    "run_name": "exp1_2",
    "out_dir": "./results",
    "seed": 42,
    "device": null,
    "bs_train": 50,
    "bs_test": 12,
    "batches": 10,
    "epochs": 20,
    "early_stopping": 5,
    "checkpoints": null,
    "lr": 0.005,
    "reg": 0.001,
    "filters_per_layer": [
      32
    ],
    "layers_per_block": 2,
    "pool_every": 1,
    "hidden_dims": [
      200
    ],
    "model_type": "cnn",
    "kw": {}
  },
  "results": {
    "num_epochs": 0,
    "train_loss": [
      1.7242192926049233,
      1.409702889317274,
      1.273160475486517,
      1.1619416773736477,
      1.0827323368757964,
      1.0134508679896592,
      0.9497452315747738,
      0.8941198565661908,
      0.8408051013439893,
      0.7972144888445735,
      0.7577522170245647,
      0.7209425709202886,
      0.6896435445711017,
      0.6574680772066116,
      0.6336942404597997,
      0.6071938396148384,
      0.5887352352127433
    ],
    "train_acc": [
      38.022,
      49.224,
      54.396,
      58.538,
      61.552,
      64.214,
      66.344,
      68.338,
      70.492,
      71.874,
      73.506,
      74.628,
      75.87,
      76.896,
      77.9,
      78.7,
      79.44
    ],
    "test_loss": [
      0.292480204308033,
      0.26430828129053113,
      0.24294101077914237,
      0.23189492974877357,
      0.22936034832000732,
      0.22638379594683647,
      0.2224736132144928,
      0.22080058725774288,
      0.22215602862238884,
      0.2242195102930069,
      0.22256828922480346,
      0.22271797871291638,
      0.2276053825005889,
      0.23453946929872035,
      0.23363263965249062,
      0.24090869229733944,
      0.24509899411052466
    ],
    "test_acc": [
      47.26,
      52.12,
      55.9,
      58.11,
      59.15,
      60.15,
      60.96,
      61.91,
      61.95,
      62.29,
      63.03,
      63.66,
      63.47,
      63.31,
      63.39,
      62.79,
      63.36
    ]
  }
}