{
  "config": {
    "run_name": "exp1_2",
    "out_dir": "./results",
    "seed": 42,
    "device": null,
    "bs_train": 50,
    "bs_test": 12,
    "batches": 10,
    "epochs": 20,
    "early_stopping": 5,
    "checkpoints": null,
    "lr": 0.005,
    "reg": 0.001,
    "filters_per_layer": [
      256
    ],
    "layers_per_block": 4,
    "pool_every": 1,
    "hidden_dims": [
      200
    ],
    "model_type": "cnn",
    "kw": {}
  },
  "results": {
    "num_epochs": 0,
    "train_loss": [
      1.9617219794034957,
      1.6065772369861602,
      1.4597845700144767,
      1.3675164693117141,
      1.2895908403158187,
      1.2186672127664089,
      1.1542409083247185,
      1.0951244316250086,
      1.039928223118186,
      0.9887332369849086,
      0.941487840987742,
      0.9029504118576646,
      0.8681379731923342,
      0.8381610948532819,
      0.8096426253542304,
      0.7835156834572554,
      0.7588940617538988,
      0.7368421649545431,
      0.7148629701785744,
      0.6948574534054845
    ],
    "train_acc": [
      26.896,
      41.078,
      46.622,
      50.332,
      53.352,
      56.152,
      58.59,
      60.864,
      62.994,
      64.918,
      66.942,
      68.182,
      69.406,
      70.378,
      71.572,
      72.38,
      73.28,
      74.22,
      75.254,
      75.63
    ],
    "test_loss": [
      0.3471370938539505,
      0.2956867275357246,
      0.27471376246213913,
      0.2593934818983078,
      0.24617095396518707,
      0.233733494502306,
      0.22572743262052536,
      0.21814589881300928,
      0.21038631934821606,
      0.206068174007535,
      0.20065675151348114,
      0.19504855413734912,
      0.19126696843504906,
      0.19224318846315144,
      0.19049298593848943,
      0.18758852762430905,
      0.187773936727643,
      0.1885638635367155,
      0.18652383387312294,
      0.1834074287287891
    ],
    "test_acc": [
      34.53,
      45.51,
      50.21,
      52.88,
      55.48,
      57.71,
      59.22,
      60.71,
      62.15,
      63.05,
      64.53,
      65.73,
      66.57,
      66.56,
      66.78,
      67.4,
      67.52,
      67.77,
      68.3,
      68.76
    ]
  }
}