{
  "config": {
    "run_name": "exp1_1",
    "out_dir": "./results",
    "seed": 42,
    "device": null,
    "bs_train": 50,
    "bs_test": 12,
    "batches": 10,
    "epochs": 20,
    "early_stopping": 5,
    "checkpoints": null,
    "lr": 0.005,
    "reg": 0.001,
    "filters_per_layer": [
      64
    ],
    "layers_per_block": 4,
    "pool_every": 1,
    "hidden_dims": [
      200
    ],
    "model_type": "cnn",
    "kw": {}
  },
  "results": {
    "num_epochs": 0,
    "train_loss": [
      2.0512963747501374,
      1.6940987830281258,
      1.5324410824775696,
      1.4329146270751953,
      1.3625117664694786,
      1.3020018016994,
      1.247604988080263,
      1.1976711624085903,
      1.1485520101070403,
      1.10569151648283,
      1.0662604948341847,
      1.0305927453696728,
      0.999673608520627,
      0.973755818027258,
      0.9518984593898058,
      0.9331151513516903,
      0.9165791517779232,
      0.9004902200251818,
      0.8865021004930138,
      0.8738955068662763
    ],
    "train_acc": [
      22.418,
      37.832,
      44.028,
      47.676,
      50.398,
      52.836,
      55.092,
      56.966,
      58.994,
      60.632,
      62.296,
      63.502,
      64.542,
      65.422,
      66.3,
      66.994,
      67.456,
      68.116,
      68.602,
      69.116
    ],
    "test_loss": [
      0.3615753031492233,
      0.3146800463914871,
      0.29011449726819993,
      0.2733605079293251,
      0.2609812284231186,
      0.2517603454053402,
      0.246730106818676,
      0.2387326177239418,
      0.23231388201713563,
      0.2229248516023159,
      0.21672974154949187,
      0.21660313916802407,
      0.2130884187400341,
      0.21620999354720116,
      0.20652777332663536,
      0.20699932947456837,
      0.19767455275058746,
      0.19688353739380837,
      0.19356704078912734,
      0.19029304622113705
    ],
    "test_acc": [
      32.16,
      41.84,
      47.07,
      50.07,
      52.24,
      54.35,
      55.34,
      56.97,
      58.23,
      60.36,
      61.58,
      61.88,
      62.41,
      62.18,
      63.87,
      63.51,
      65.36,
      65.32,
      66.19,
      66.77
    ]
  }
}