{
  "config": {
    "run_name": "exp1_1",
    "out_dir": "./results",
    "seed": 42,
    "device": null,
    "bs_train": 50,
    "bs_test": 12,
    "batches": 10,
    "epochs": 10,
    "early_stopping": 5,
    "checkpoints": null,
    "lr": 0.005,
    "reg": 0.001,
    "filters_per_layer": [
      32
    ],
    "layers_per_block": 2,
    "pool_every": 1,
    "hidden_dims": [
      100
    ],
    "model_type": "cnn",
    "kw": {}
  },
  "results": {
    "num_epochs": 0,
    "train_loss": [
      1.748593734204769,
      1.4188902595460415,
      1.2697169533014296,
      1.1836427620887757,
      1.1151114274173974,
      1.0559538218647242,
      1.0057889801234008,
      0.9624984949618578,
      0.9247150140523911,
      0.8884464105665684
    ],
    "train_acc": [
      36.806,
      49.004,
      54.45,
      57.828,
      60.218,
      62.496,
      64.216,
      65.936,
      67.41,
      68.574
    ],
    "test_loss": [
      0.2963929242134094,
      0.2601194306015968,
      0.2458681378006935,
      0.23564480056762696,
      0.2369920781314373,
      0.23344755473136902,
      0.22869175413250922,
      0.22961095544099808,
      0.2302439198076725,
      0.228668681961298
    ],
    "test_acc": [
      46.65,
      52.73,
      55.78,
      57.87,
      57.7,
      59.0,
      60.28,
      60.55,
      60.87,
      60.93
    ]
  }
}