{
  "config": {
    "run_name": "exp1_2",
    "out_dir": "./results",
    "seed": 42,
    "device": null,
    "bs_train": 50,
    "bs_test": 12,
    "batches": 10,
    "epochs": 20,
    "early_stopping": 5,
    "checkpoints": null,
    "lr": 0.005,
    "reg": 0.001,
    "filters_per_layer": [
      32
    ],
    "layers_per_block": 8,
    "pool_every": 1,
    "hidden_dims": [
      200
    ],
    "model_type": "cnn",
    "kw": {}
  },
  "results": {
    "num_epochs": 0,
    "train_loss": [
      2.3044720943927763,
      2.3039996737003325,
      2.3038830760002136,
      2.3038497223377226,
      2.3038383908748625,
      2.3038341251850127
    ],
    "train_acc": [
      9.866,
      9.662,
      9.638,
      9.638,
      9.628,
      9.63
    ],
    "test_loss": [
      0.4609016202449799,
      0.46082586250305174,
      0.46080843362808227,
      0.46080192217826843,
      0.46079985938072204,
      0.4607992926597595
    ],
    "test_acc": [
      10.0,
      10.0,
      10.0,
      10.0,
      10.0,
      10.0
    ]
  }
}