{
  "config": {
    "run_name": "exp1_1",
    "out_dir": "./results",
    "seed": 42,
    "device": null,
    "bs_train": 50,
    "bs_test": 12,
    "batches": 10,
    "epochs": 20,
    "early_stopping": 5,
    "checkpoints": null,
    "lr": 0.005,
    "reg": 0.001,
    "filters_per_layer": [
      64
    ],
    "layers_per_block": 16,
    "pool_every": 1,
    "hidden_dims": [
      200
    ],
    "model_type": "cnn",
    "kw": {}
  },
  "results": {
    "num_epochs": 0,
    "train_loss": [
      2.304203497314453,
      2.303943248844147,
      2.3038672926425936,
      2.3038456035137176,
      2.3038361521720887,
      2.3038335354328154
    ],
    "train_acc": [
      9.818,
      9.646,
      9.616,
      9.634,
      9.632,
      9.624
    ],
    "test_loss": [
      0.460867150592804,
      0.46081817293167116,
      0.46080580801963805,
      0.4608011152744293,
      0.4607996129512787,
      0.46079923620224
    ],
    "test_acc": [
      10.0,
      10.0,
      10.0,
      10.0,
      10.0,
      10.0
    ]
  }
}