{
  "config": {
    "run_name": "exp1_1",
    "out_dir": "./results",
    "seed": 42,
    "device": null,
    "bs_train": 50,
    "bs_test": 12,
    "batches": 10,
    "epochs": 20,
    "early_stopping": 5,
    "checkpoints": null,
    "lr": 0.005,
    "reg": 0.001,
    "filters_per_layer": [
      64
    ],
    "layers_per_block": 2,
    "pool_every": 1,
    "hidden_dims": [
      200
    ],
    "model_type": "cnn",
    "kw": {}
  },
  "results": {
    "num_epochs": 0,
    "train_loss": [
      1.6838561912298202,
      1.3612008113205434,
      1.2067581818044186,
      1.1056169686704873,
      1.0264746520519257,
      0.9601619382321834,
      0.8974760748624802,
      0.8397568866193295,
      0.7875592513054609,
      0.74193855484128,
      0.6967769880786538,
      0.657763762704283,
      0.622100905316323,
      0.5871152918457985,
      0.5552745846785605,
      0.5327688994854689,
      0.5067183419108391,
      0.4854112262044102,
      0.4664781111944467,
      0.4473736086655408
    ],
    "train_acc": [
      39.392,
      51.006,
      56.914,
      60.654,
      63.53,
      65.974,
      68.318,
      70.438,
      72.338,
      73.972,
      75.712,
      77.21,
      78.398,
      79.65,
      80.698,
      81.412,
      82.288,
      83.176,
      83.964,
      84.5
    ],
    "test_loss": [
      0.28361321692466734,
      0.24976071757078172,
      0.23676749566793442,
      0.23402185829877853,
      0.22633382772803307,
      0.22471617589890958,
      0.22627914870679378,
      0.21990193810760975,
      0.22261841809153557,
      0.2262380488961935,
      0.23157374741882086,
      0.23796852675676347,
      0.24133076164871453,
      0.23988446089923382,
      0.245859984857589,
      0.25414755964279173,
      0.26575378808379174,
      0.26702202752381565,
      0.2567830260068178,
      0.26115124970972536
    ],
    "test_acc": [
      49.58,
      54.71,
      57.48,
      58.45,
      60.14,
      61.26,
      61.36,
      62.34,
      62.53,
      63.04,
      62.22,
      62.14,
      62.01,
      62.91,
      63.14,
      62.31,
      61.68,
      61.61,
      62.66,
      62.84
    ]
  }
}