{
  "config": {
    "run_name": "exp1_2",
    "out_dir": "./results",
    "seed": 42,
    "device": null,
    "bs_train": 50,
    "bs_test": 12,
    "batches": 10,
    "epochs": 20,
    "early_stopping": 5,
    "checkpoints": null,
    "lr": 0.005,
    "reg": 0.001,
    "filters_per_layer": [
      64
    ],
    "layers_per_block": 4,
    "pool_every": 1,
    "hidden_dims": [
      200
    ],
    "model_type": "cnn",
    "kw": {}
  },
  "results": {
    "num_epochs": 0,
    "train_loss": [
      2.051320112657547,
      1.6942873128771783,
      1.532399573969841,
      1.4327957329392433,
      1.3607659419417382,
      1.2996486799657345,
      1.2449532059252262,
      1.1963923465430737,
      1.151983291041851,
      1.1107813620448113,
      1.0716612628161908,
      1.0371887733399867,
      1.0056621322602033,
      0.979515822455287,
      0.9566850901603698,
      0.936777306419611,
      0.9182088433176279,
      0.9024751507043839,
      0.8898246309041977,
      0.877437926158309
    ],
    "train_acc": [
      22.398,
      37.908,
      44.154,
      47.65,
      50.528,
      52.936,
      55.176,
      57.182,
      58.786,
      60.296,
      62.04,
      63.17,
      64.344,
      65.284,
      66.09,
      66.804,
      67.538,
      68.286,
      68.588,
      69.044
    ],
    "test_loss": [
      0.36185498251914977,
      0.3148029855132103,
      0.289284033882618,
      0.27294917715787886,
      0.2609789946079254,
      0.2504369320034981,
      0.24940801810622215,
      0.23772345733642578,
      0.23129157307744025,
      0.225715417188406,
      0.21908145442605018,
      0.214804826810956,
      0.20962561213076114,
      0.20548261232078074,
      0.20524381951987744,
      0.20594762579500675,
      0.2064487602263689,
      0.20454146469533444,
      0.20677124319374562,
      0.20954970654249191
    ],
    "test_acc": [
      32.19,
      42.13,
      47.27,
      50.4,
      52.08,
      54.45,
      54.9,
      57.11,
      58.14,
      59.27,
      60.8,
      61.73,
      62.61,
      63.57,
      63.97,
      63.43,
      63.47,
      63.68,
      63.56,
      62.82
    ]
  }
}