{
  "config": {
    "run_name": "exp1_3",
    "out_dir": "./results",
    "seed": 42,
    "device": null,
    "bs_train": 50,
    "bs_test": 12,
    "batches": 10,
    "epochs": 20,
    "early_stopping": 5,
    "checkpoints": null,
    "lr": 0.005,
    "reg": 0.001,
    "filters_per_layer": [
      64,
      128,
      256
    ],
    "layers_per_block": 4,
    "pool_every": 1,
    "hidden_dims": [
      200
    ],
    "model_type": "cnn",
    "kw": {}
  },
  "results": {
    "num_epochs": 0,
    "train_loss": [
      2.303952878713608,
      2.303875781059265,
      2.303844211435318,
      2.3038352233409882,
      2.3038333847522736,
      2.3038330678462984
    ],
    "train_acc": [
      9.77,
      9.628,
      9.622,
      9.63,
      9.628,
      9.63
    ],
    "test_loss": [
      0.46082656049728393,
      0.4608071268081665,
      0.46080158643722535,
      0.46079962997436524,
      0.4607992742538452,
      0.46079926080703737
    ],
    "test_acc": [
      10.0,
      10.0,
      10.0,
      10.0,
      10.0,
      10.0
    ]
  }
}