{
  "config": {
    "run_name": "exp1_1",
    "out_dir": "./results",
    "seed": 42,
    "device": null,
    "bs_train": 50,
    "bs_test": 12,
    "batches": 10,
    "epochs": 20,
    "early_stopping": 5,
    "checkpoints": null,
    "lr": 0.005,
    "reg": 0.001,
    "filters_per_layer": [
      64
    ],
    "layers_per_block": 8,
    "pool_every": 1,
    "hidden_dims": [
      200
    ],
    "model_type": "cnn",
    "kw": {}
  },
  "results": {
    "num_epochs": 0,
    "train_loss": [
      2.3042309859752654,
      2.3039459790229797,
      2.3038694032669067,
      2.3038440071582795,
      2.30383587846756,
      2.3038334201335906
    ],
    "train_acc": [
      9.796,
      9.616,
      9.624,
      9.63,
      9.64,
      9.63
    ],
    "test_loss": [
      0.4608662089347839,
      0.46081810531616213,
      0.46080519518852237,
      0.4608009590625763,
      0.46079972949028014,
      0.4607992557525635
    ],
    "test_acc": [
      10.0,
      10.0,
      10.0,
      10.0,
      10.0,
      10.0
    ]
  }
}