{
  "config": {
    "run_name": "exp1_2",
    "out_dir": "./results",
    "seed": 42,
    "device": null,
    "bs_train": 50,
    "bs_test": 12,
    "batches": 10,
    "epochs": 20,
    "early_stopping": 5,
    "checkpoints": null,
    "lr": 0.005,
    "reg": 0.001,
    "filters_per_layer": [
      256
    ],
    "layers_per_block": 8,
    "pool_every": 1,
    "hidden_dims": [
      200
    ],
    "model_type": "cnn",
    "kw": {}
  },
  "results": {
    "num_epochs": 0,
    "train_loss": [
      2.303985226535797,
      2.3038802247047423,
      2.3038437846660615,
      2.303834685230255,
      2.3038333699703215,
      2.3038331487178803
    ],
    "train_acc": [
      9.736,
      9.634,
      9.626,
      9.638,
      9.63,
      9.628
    ],
    "test_loss": [
      0.4608246030807495,
      0.4608061599254608,
      0.46080022468566895,
      0.46079935936927796,
      0.46079922490119934,
      0.46079924063682554
    ],
    "test_acc": [
      10.0,
      10.0,
      10.0,
      10.0,
      10.0,
      10.0
    ]
  }
}