{
  "config": {
    "run_name": "exp1_2",
    "out_dir": "./results",
    "seed": 42,
    "device": null,
    "bs_train": 50,
    "bs_test": 12,
    "batches": 10,
    "epochs": 20,
    "early_stopping": 5,
    "checkpoints": null,
    "lr": 0.005,
    "reg": 0.001,
    "filters_per_layer": [
      64
    ],
    "layers_per_block": 2,
    "pool_every": 1,
    "hidden_dims": [
      200
    ],
    "model_type": "cnn",
    "kw": {}
  },
  "results": {
    "num_epochs": 0,
    "train_loss": [
      1.68401845651865,
      1.3656091222703457,
      1.208139132386446,
      1.1063742359399795,
      1.0284346745669841,
      0.9591025530993939,
      0.8973511156737805,
      0.8354646545052529,
      0.7825389913991093,
      0.7331683367744088,
      0.6882990479841828,
      0.6433285269886255,
      0.6048603617742657,
      0.5756255990259349,
      0.5400105013974011,
      0.5117549798473716,
      0.489500555152446,
      0.47290211338736116
    ],
    "train_acc": [
      39.434,
      50.92,
      56.758,
      60.72,
      63.446,
      65.874,
      68.222,
      70.654,
      72.67,
      74.374,
      75.892,
      77.6,
      78.956,
      79.974,
      81.302,
      82.214,
      83.0,
      83.47
    ],
    "test_loss": [
      0.2854122820138931,
      0.2481770080268383,
      0.23729631027579307,
      0.22837798952758312,
      0.22588014967143535,
      0.22473116622269154,
      0.21941122345924377,
      0.22058343027234079,
      0.22221128000319004,
      0.2231690293163061,
      0.23394266642779113,
      0.2311681957900524,
      0.23139316290020942,
      0.23439200365692378,
      0.24202573677301406,
      0.2395042957946658,
      0.2536559984728694,
      0.25131084510758517
    ],
    "test_acc": [
      49.03,
      55.05,
      57.05,
      59.27,
      59.75,
      60.47,
      61.66,
      62.27,
      62.42,
      62.52,
      61.77,
      62.91,
      63.78,
      63.53,
      63.34,
      63.55,
      63.02,
      63.31
    ]
  }
}