{
  "config": {
    "run_name": "exp1_2",
    "out_dir": "./results",
    "seed": 42,
    "device": null,
    "bs_train": 50,
    "bs_test": 12,
    "batches": 10,
    "epochs": 20,
    "early_stopping": 5,
    "checkpoints": null,
    "lr": 0.005,
    "reg": 0.001,
    "filters_per_layer": [
      128
    ],
    "layers_per_block": 4,
    "pool_every": 1,
    "hidden_dims": [
      200
    ],
    "model_type": "cnn",
    "kw": {}
  },
  "results": {
    "num_epochs": 0,
    "train_loss": [
      1.9981878149509429,
      1.643817159974575,
      1.4923527459263801,
      1.4033468182563782,
      1.3315835613965987,
      1.2650050999701024,
      1.2040244293808937,
      1.148040025883913,
      1.097488662329316,
      1.050810316452384,
      1.009036071947217,
      0.9716109515309334,
      0.937303700979054,
      0.9081073361217976,
      0.8831061265051365,
      0.8584320042207837,
      0.8366279903888703,
      0.8186727039307355,
      0.7996280355229973,
      0.7820638331219554
    ],
    "train_acc": [
      25.162,
      39.682,
      45.238,
      48.766,
      51.642,
      54.446,
      56.82,
      59.124,
      60.88,
      62.534,
      64.11,
      65.486,
      66.656,
      67.858,
      68.756,
      69.688,
      70.422,
      70.982,
      71.764,
      72.372
    ],
    "test_loss": [
      0.3521930565357208,
      0.30291795706748964,
      0.2807578089237213,
      0.2673471373796463,
      0.256090514934063,
      0.24353135264515877,
      0.23483647571802138,
      0.22631077102124691,
      0.21990516367554663,
      0.2137754314094782,
      0.21487983275949954,
      0.20893049770891667,
      0.20597059513032437,
      0.2004034624248743,
      0.19608980391025543,
      0.19459850510060786,
      0.19001667289733887,
      0.18583338225185872,
      0.18732733045816422,
      0.180385997107625
    ],
    "test_acc": [
      33.88,
      43.45,
      48.31,
      51.02,
      53.48,
      55.66,
      57.57,
      59.38,
      60.64,
      62.28,
      61.87,
      63.3,
      64.15,
      65.22,
      65.79,
      66.17,
      67.21,
      67.67,
      67.63,
      68.52
    ]
  }
}