{
  "config": {
    "run_name": "exp1_3",
    "out_dir": "./results",
    "seed": 42,
    "device": null,
    "bs_train": 50,
    "bs_test": 12,
    "batches": 10,
    "epochs": 20,
    "early_stopping": 5,
    "checkpoints": null,
    "lr": 0.005,
    "reg": 0.001,
    "filters_per_layer": [
      64,
      128,
      256
    ],
    "layers_per_block": 1,
    "pool_every": 1,
    "hidden_dims": [
      200
    ],
    "model_type": "cnn",
    "kw": {}
  },
  "results": {
    "num_epochs": 0,
    "train_loss": [
      1.7825457972407341,
      1.4238012837529181,
      1.299553291541338,
      1.2110666501641274,
      1.13178445032835,
      1.061549040016532,
      0.9987139805674553,
      0.939328149625659,
      0.8867777565002442,
      0.8379020039066672,
      0.7914541249744594,
      0.7469877466402948,
      0.705298340972513,
      0.6649128244690597,
      0.6345754490539431,
      0.6030053739026189,
      0.5723666333343834,
      0.5472736078828573,
      0.5273769717521966,
      0.5079222761709243
    ],
    "train_acc": [
      34.822,
      48.732,
      53.132,
      56.54,
      59.502,
      62.172,
      64.534,
      66.868,
      68.762,
      70.402,
      72.308,
      73.89,
      75.258,
      76.766,
      77.964,
      78.93,
      79.972,
      80.828,
      81.44,
      82.104
    ],
    "test_loss": [
      0.295575690805912,
      0.2673123367071152,
      0.24925801933407785,
      0.2359503404855728,
      0.22710199142694473,
      0.2233269424289465,
      0.21878436351716518,
      0.2167486530095339,
      0.21110364233851434,
      0.21356220679581164,
      0.21105483427345753,
      0.21077105183005332,
      0.21052164644300939,
      0.21597441751807928,
      0.21797751442193986,
      0.2234264394313097,
      0.22851230655312538,
      0.22605064556151627,
      0.22781954538673163,
      0.24377995646595954
    ],
    "test_acc": [
      45.9,
      51.06,
      54.83,
      57.67,
      59.33,
      60.28,
      61.49,
      61.82,
      63.15,
      63.55,
      64.05,
      64.51,
      64.88,
      64.9,
      64.55,
      64.54,
      64.18,
      65.39,
      64.58,
      64.38
    ]
  }
}