{
  "config": {
    "run_name": "exp1_4",
    "out_dir": "./results",
    "seed": 42,
    "device": null,
    "bs_train": 50,
    "bs_test": 12,
    "batches": 10,
    "epochs": 20,
    "early_stopping": 5,
    "checkpoints": null,
    "lr": 0.005,
    "reg": 0.001,
    "filters_per_layer": [
      64,
      128,
      256
    ],
    "layers_per_block": 8,
    "pool_every": 1,
    "hidden_dims": [
      200
    ],
    "model_type": "resnet",
    "kw": {}
  },
  "results": {
    "num_epochs": 0,
    "train_loss": [
      2.3038226169109346,
      2.303833058643341,
      2.3038330746650697,
      2.3038330503940583,
      2.303833050823212,
      2.3038330508708955
    ],
    "train_acc": [
      9.732,
      9.63,
      9.63,
      9.63,
      9.63,
      9.63
    ],
    "test_loss": [
      0.4607992619037628,
      0.46079925837516783,
      0.4607992619037628,
      0.4607992619037628,
      0.4607992619037628,
      0.4607992619037628
    ],
    "test_acc": [
      10.0,
      10.0,
      10.0,
      10.0,
      10.0,
      10.0
    ]
  }
}