{
  "config": {
    "run_name": "exp1_2",
    "out_dir": "./results",
    "seed": 42,
    "device": null,
    "bs_train": 50,
    "bs_test": 12,
    "batches": 10,
    "epochs": 20,
    "early_stopping": 5,
    "checkpoints": null,
    "lr": 0.005,
    "reg": 0.001,
    "filters_per_layer": [
      128
    ],
    "layers_per_block": 2,
    "pool_every": 1,
    "hidden_dims": [
      200
    ],
    "model_type": "cnn",
    "kw": {}
  },
  "results": {
    "num_epochs": 0,
    "train_loss": [
      1.6639701181173325,
      1.3148831303536892,
      1.1818313799381257,
      1.090286616063118,
      1.0108495312571526,
      0.9378067123413086,
      0.8689096011519432,
      0.8003374583944678,
      0.7374253182902932,
      0.6817816652789712,
      0.6307314531087875,
      0.5811570022694766,
      0.5412347994051874,
      0.503395267387107,
      0.4658691308155656,
      0.4477047549016774,
      0.421233661916852,
      0.3989500387728214,
      0.3888157022770494,
      0.3726624768234789
    ],
    "train_acc": [
      39.954,
      52.672,
      57.872,
      61.15,
      64.196,
      66.818,
      69.434,
      72.038,
      74.33,
      76.412,
      78.222,
      79.994,
      81.386,
      82.708,
      84.13,
      84.646,
      85.798,
      86.49,
      86.796,
      87.406
    ],
    "test_loss": [
      0.27580503762960434,
      0.2433168665587902,
      0.23055629045963288,
      0.22343694975972175,
      0.22178783766031265,
      0.2185126863270998,
      0.21716693312227725,
      0.2188580544680357,
      0.22405278369188308,
      0.2278704439550638,
      0.23420475590527057,
      0.2429680743947625,
      0.24121058816611768,
      0.2599744827136397,
      0.25583443111628296,
      0.24728089711666107,
      0.24813239288926126,
      0.24140787585601212,
      0.250461420853436,
      0.26330104557722805
    ],
    "test_acc": [
      49.95,
      55.93,
      58.49,
      60.26,
      61.01,
      61.57,
      62.61,
      62.82,
      63.09,
      63.06,
      62.87,
      62.94,
      63.26,
      61.73,
      62.29,
      64.76,
      64.22,
      65.16,
      64.6,
      63.4
    ]
  }
}