{
  "config": {
    "run_name": "exp1_1",
    "out_dir": "./results",
    "seed": 42,
    "device": null,
    "bs_train": 50,
    "bs_test": 12,
    "batches": 10,
    "epochs": 20,
    "early_stopping": 5,
    "checkpoints": null,
    "lr": 0.005,
    "reg": 0.001,
    "filters_per_layer": [
      32
    ],
    "layers_per_block": 4,
    "pool_every": 1,
    "hidden_dims": [
      200
    ],
    "model_type": "cnn",
    "kw": {}
  },
  "results": {
    "num_epochs": 0,
    "train_loss": [
      2.1314279074430464,
      1.7817509813666343,
      1.5891384417653083,
      1.4945018152236937,
      1.4360404046177864,
      1.3876713047742844,
      1.3438842018306256,
      1.3009802365839482,
      1.2612539790630342,
      1.2274091119706632,
      1.1969111079275607,
      1.1728450362324714,
      1.1503767947226762,
      1.129049851873517,
      1.1120426157742738,
      1.096248190587759,
      1.0799466050505637,
      1.063648027342558,
      1.047391209691763,
      1.0341784291237592
    ],
    "train_acc": [
      18.962,
      34.458,
      41.892,
      45.542,
      47.66,
      49.432,
      51.148,
      52.892,
      54.482,
      55.676,
      56.982,
      57.71,
      58.708,
      59.474,
      60.082,
      60.666,
      61.248,
      61.854,
      62.628,
      63.172
    ],
    "test_loss": [
      0.38505124700069426,
      0.32643021278381346,
      0.2994612664103508,
      0.28544552593231204,
      0.2786772424340248,
      0.26834487586617467,
      0.2591163188397884,
      0.24991136471629144,
      0.24486491611003874,
      0.2420608348786831,
      0.23711649862527848,
      0.24158912551403044,
      0.23538994944095612,
      0.23639987095594406,
      0.23204840192198753,
      0.23053126590251924,
      0.2317903118610382,
      0.23213239490389823,
      0.227675403124094,
      0.22937485768198967
    ],
    "test_acc": [
      27.94,
      39.08,
      45.12,
      48.1,
      48.83,
      51.28,
      52.79,
      54.95,
      55.65,
      56.45,
      56.95,
      56.61,
      57.05,
      57.29,
      57.7,
      58.37,
      57.84,
      58.04,
      59.36,
      58.78
    ]
  }
}