{
  "config": {
    "run_name": "exp1_4",
    "out_dir": "./results",
    "seed": 42,
    "device": null,
    "bs_train": 50,
    "bs_test": 12,
    "batches": 10,
    "epochs": 20,
    "early_stopping": 5,
    "checkpoints": null,
    "lr": 0.005,
    "reg": 0.001,
    "filters_per_layer": [
      32
    ],
    "layers_per_block": 8,
    "pool_every": 1,
    "hidden_dims": [
      200
    ],
    "model_type": "resnet",
    "kw": {}
  },
  "results": {
    "num_epochs": 0,
    "train_loss": [
      1.5076525696575642,
      1.04965673225075,
      0.8432905056089163,
      0.7262987210124731,
      0.6164918125430122,
      0.5512152267273516,
      0.5133788396016694
    ],
    "train_acc": [
      44.944,
      62.754,
      70.24,
      74.596,
      78.642,
      81.17,
      82.56
    ],
    "test_loss": [
      0.2274825943350792,
      0.230585646083951,
      0.2797978802919388,
      0.30740917036533355,
      0.321338056640327,
      0.32923174700737,
      0.3515790933430195
    ],
    "test_acc": [
      58.53,
      59.81,
      55.8,
      55.82,
      53.74,
      54.52,
      52.6
    ]
  }
}