{
  "config": {
    "run_name": "exp2",
    "out_dir": "./results",
    "seed": 42,
    "device": null,
    "bs_train": 50,
    "bs_test": 12,
    "batches": 10,
    "epochs": 20,
    "early_stopping": 5,
    "checkpoints": null,
    "lr": 0.005,
    "reg": 0.001,
    "filters_per_layer": [
      32,
      64,
      128
    ],
    "layers_per_block": 6,
    "pool_every": 2,
    "hidden_dims": [
      200,
      200
    ],
    "model_type": "ycn",
    "kw": {}
  },
  "results": {
    "num_epochs": 0,
    "train_loss": [
      1.8969466965913773,
      1.485990556126833,
      1.1624987667143345,
      0.9976164615243673,
      0.9060793464928866,
      0.8345607824832201,
      0.7878540082365274,
      0.7481650115475058,
      0.7241178123667836,
      0.6985392411798239,
      0.6839798949927092,
      0.6680772626072168,
      0.6576910983011126,
      0.6459998773962259,
      0.6354541969276964,
      0.6228363275211305,
      0.6167513314127923,
      0.6134206063859164,
      0.609427739905566,
      0.6017437643177808
    ],
    "train_acc": [
      23.58,
      43.484,
      58.204,
      64.712,
      68.44,
      71.416,
      73.014,
      74.616,
      75.296,
      76.374,
      76.952,
      77.51,
      78.112,
      78.098,
      78.65,
      78.972,
      79.164,
      79.518,
      79.52,
      79.894
    ],
    "test_loss": [
      0.3229618708610535,
      0.2365415314257145,
      0.19957365815043449,
      0.18234369426369668,
      0.1810043620839715,
      0.16774438676834105,
      0.15918702522665262,
      0.15518439833819866,
      0.16476298008710147,
      0.14828283438682557,
      0.16044599917680025,
      0.14748624192923307,
      0.15747161104232074,
      0.14462891083583235,
      0.1461996814496815,
      0.15055654898248613,
      0.14615771993547677,
      0.136591225977242,
      0.14130204991046338,
      0.13163551615215838
    ],
    "test_acc": [
      36.21,
      56.43,
      64.36,
      68.55,
      68.83,
      71.57,
      72.67,
      74.11,
      72.33,
      75.91,
      74.21,
      75.8,
      75.37,
      77.06,
      76.24,
      75.66,
      75.97,
      77.92,
      77.21,
      78.58
    ]
  }
}