{
  "config": {
    "run_name": "exp2",
    "out_dir": "./results",
    "seed": 42,
    "device": null,
    "bs_train": 50,
    "bs_test": 12,
    "batches": 10,
    "epochs": 20,
    "early_stopping": 5,
    "checkpoints": null,
    "lr": 0.005,
    "reg": 0.001,
    "filters_per_layer": [
      32,
      64,
      128
    ],
    "layers_per_block": 12,
    "pool_every": 2,
    "hidden_dims": [
      200,
      200
    ],
    "model_type": "ycn",
    "kw": {}
  },
  "results": {
    "num_epochs": 0,
    "train_loss": [
      1.99761813352108,
      1.8427406008958815,
      1.548138140809536,
      1.3493697726547718,
      1.1264863233923912,
      0.9998662050694227,
      0.9127943691909313,
      0.8643989910900592,
      0.8226863443866372,
      0.7882643767178059,
      0.7672405767410994,
      0.7481012461721898,
      0.7344542111255229,
      0.7215015337947756,
      0.704258354653418,
      0.6945467554077506,
      0.6841255492992699,
      0.679028177395463,
      0.6750062547110021,
      0.6690169408336282
    ],
    "train_acc": [
      19.542,
      25.06,
      39.358,
      48.53,
      59.396,
      64.812,
      68.212,
      70.334,
      71.976,
      73.478,
      74.126,
      75.228,
      75.478,
      76.01,
      76.592,
      76.874,
      77.442,
      77.442,
      77.582,
      77.716
    ],
    "test_loss": [
      0.3667780624389648,
      0.322708664059639,
      0.27203177037239074,
      0.23503652941584588,
      0.19810712120234966,
      0.1825412716150284,
      0.17151801168769598,
      0.1700812405154109,
      0.16616473881751298,
      0.18363862195461989,
      0.16000901558212935,
      0.1824599408134818,
      0.16020600638240576,
      0.2155907432347536,
      0.14786272190660238,
      0.14767790933437647,
      0.15171585575416685,
      0.14319127378761767,
      0.16034957952722906,
      0.14878594723679125
    ],
    "test_acc": [
      24.06,
      36.93,
      46.96,
      56.56,
      64.62,
      68.06,
      70.65,
      70.93,
      72.1,
      70.65,
      73.5,
      70.8,
      74.2,
      66.34,
      75.91,
      76.28,
      75.91,
      76.08,
      74.12,
      75.82
    ]
  }
}