{
  "config": {
    "run_name": "exp2",
    "out_dir": "./results",
    "seed": 42,
    "device": null,
    "bs_train": 50,
    "bs_test": 12,
    "batches": 10,
    "epochs": 20,
    "early_stopping": 5,
    "checkpoints": null,
    "lr": 0.005,
    "reg": 0.001,
    "filters_per_layer": [
      32,
      64,
      128
    ],
    "layers_per_block": 3,
    "pool_every": 2,
    "hidden_dims": [
      200,
      200
    ],
    "model_type": "ycn",
    "kw": {}
  },
  "results": {
    "num_epochs": 0,
    "train_loss": [
      1.5665323077082633,
      1.112193818590045,
      0.9240026043951511,
      0.8200159047544002,
      0.7467760221138596,
      0.6966387723624706,
      0.6622598132900893,
      0.6360292994141579,
      0.612466044058837,
      0.5973918518947438,
      0.5812356881126761,
      0.5703849693797529,
      0.561132924926281,
      0.552878712545149,
      0.540711583764106,
      0.533127427111566,
      0.53146412367858,
      0.5196114740103484,
      0.5129693341135979
    ],
    "train_acc": [
      41.982,
      60.6,
      67.768,
      71.238,
      74.056,
      75.994,
      77.148,
      78.098,
      79.056,
      79.268,
      80.03,
      80.372,
      80.76,
      81.012,
      81.46,
      81.59,
      81.666,
      82.206,
      82.342
    ],
    "test_loss": [
      0.24296362783908845,
      0.18908376814723016,
      0.16128086761385202,
      0.14749962739348413,
      0.14510016899332404,
      0.1611186178945005,
      0.14425435010120272,
      0.13721792676895858,
      0.13755559071470053,
      0.13334524499773978,
      0.15116488587260246,
      0.13189048942029477,
      0.13738617049902677,
      0.13285071378313004,
      0.13367218479588627,
      0.13818537218756974,
      0.14060549394488334,
      0.14931474240086973,
      0.13750784205365926
    ],
    "test_acc": [
      55.78,
      66.64,
      71.94,
      75.03,
      75.29,
      73.24,
      75.65,
      76.96,
      77.32,
      77.94,
      75.64,
      77.83,
      77.16,
      78.14,
      77.96,
      77.9,
      77.39,
      76.06,
      77.63
    ]
  }
}