{
  "config": {
    "run_name": "exp2",
    "out_dir": "./results",
    "seed": 42,
    "device": null,
    "bs_train": 50,
    "bs_test": 12,
    "batches": 10,
    "epochs": 20,
    "early_stopping": 5,
    "checkpoints": null,
    "lr": 0.005,
    "reg": 0.001,
    "filters_per_layer": [
      32,
      64,
      128
    ],
    "layers_per_block": 9,
    "pool_every": 2,
    "hidden_dims": [
      200,
      200
    ],
    "model_type": "ycn",
    "kw": {}
  },
  "results": {
    "num_epochs": 0,
    "train_loss": [
      1.9978878301858902,
      1.7000067980647087,
      1.2822091442525387,
      1.0875545413523913,
      0.9885324659496546,
      0.9142901077747345,
      0.8608227017551661,
      0.8204870929539204,
      0.7929269351117313,
      0.7703022697344423,
      0.7512398599311709,
      0.7346350827395915,
      0.7244142569102346,
      0.7109149447053671,
      0.7028941847398877,
      0.6929837475858629
    ],
    "train_acc": [
      19.372,
      32.166,
      52.87,
      61.17,
      65.328,
      68.226,
      70.574,
      72.062,
      73.35,
      74.032,
      74.948,
      75.448,
      75.658,
      76.336,
      76.81,
      76.908
    ],
    "test_loss": [
      0.36556313693523407,
      0.28453076397180554,
      0.21777077790498733,
      0.19614643287062644,
      0.1922126569569111,
      0.17701108624637127,
      0.18320967460125684,
      0.19251864677518607,
      0.17163272703066468,
      0.16437968534827233,
      0.15696939289346337,
      0.18034792508408426,
      0.1523843644335866,
      0.15336951700374485,
      0.15730069409906863,
      0.18176841946840286
    ],
    "test_acc": [
      27.37,
      45.42,
      60.47,
      65.6,
      66.31,
      69.63,
      70.23,
      67.64,
      72.55,
      72.15,
      75.61,
      72.14,
      74.52,
      75.02,
      73.32,
      72.22
    ]
  }
}